<?xml version="1.0" encoding="UTF-8"?>
<project-private xmlns="http://www.netbeans.org/ns/project-private/1">
    <editor-bookmarks xmlns="http://www.netbeans.org/ns/editor-bookmarks/2" lastBookmarkId="0"/>
    <open-files xmlns="http://www.netbeans.org/ns/projectui-open-files/2">
        <group>
            <file>file:/Users/leopoldmols/Desktop/ESI/2ème/Quadri%201/ATL/Code/atlg3-c113-53212/Othello%20copie/src/GuiFx/ButtonsFX.java</file>
            <file>file:/Users/leopoldmols/Desktop/ESI/2ème/Quadri%201/ATL/Code/atlg3-c113-53212/Othello%20copie/src/Models/Tour.java</file>
            <file>file:/Users/leopoldmols/Desktop/ESI/2ème/Quadri%201/ATL/Code/atlg3-c113-53212/Othello%20copie/src/GuiFx/ViewFX.java</file>
            <file>file:/Users/leopoldmols/Desktop/ESI/2ème/Quadri%201/ATL/Code/atlg3-c113-53212/Othello%20copie/src/GuiFx/HistoricView.java</file>
            <file>file:/Users/leopoldmols/Desktop/ESI/2ème/Quadri%201/ATL/Code/atlg3-c113-53212/Othello%20copie/src/Models/Game.java</file>
            <file>file:/Users/leopoldmols/Desktop/ESI/2ème/Quadri%201/ATL/Code/atlg3-c113-53212/Othello%20copie/src/Models/Model.java</file>
            <file>file:/Users/leopoldmols/Desktop/ESI/2ème/Quadri%201/ATL/Code/atlg3-c113-53212/Othello%20copie/src/GuiFx/Historic.java</file>
            <file>file:/Users/leopoldmols/Desktop/ESI/2ème/Quadri%201/ATL/Code/atlg3-c113-53212/Othello%20copie/src/GuiFx/WhitePlayerInfos.java</file>
            <file>file:/Users/leopoldmols/Desktop/ESI/2ème/Quadri%201/ATL/Code/atlg3-c113-53212/Othello%20copie/src/GuiFx/Menu.java</file>
            <file>file:/Users/leopoldmols/Desktop/ESI/2ème/Quadri%201/ATL/Code/atlg3-c113-53212/Othello%20copie/src/GuiFx/RatioBlackAndWhite.java</file>
            <file>file:/Users/leopoldmols/Desktop/ESI/2ème/Quadri%201/ATL/Code/atlg3-c113-53212/Othello%20copie/src/GuiFx/BotLevel1.java</file>
            <file>file:/Users/leopoldmols/Desktop/ESI/2ème/Quadri%201/ATL/Code/atlg3-c113-53212/Othello%20copie/src/GuiFx/GameFX.java</file>
            <file>file:/Users/leopoldmols/Desktop/ESI/2ème/Quadri%201/ATL/Code/atlg3-c113-53212/Othello%20copie/src/GuiFx/BlackPlayerInfos.java</file>
        </group>
    </open-files>
</project-private>
